rating,title
1.0,Eastman 48362 Polyethylene Tubing Icemaker Kit
1.0,Bemis 5560890 Power Cord
1.0,"Emerson H06E-18 Universal Thermocouple, 18-inch"
1.0,"Broan 433004 ADA Capable 4-Way Convertible Under-Cabinet Range Hood, 30-Inch, Stainless Steel"
1.0,Honeywell HMP-12P QuickSteam Mineral Absorption Pad 12 Pack
1.0,LASCO 39-9069 Whirlaway and Sinkmaster Disposal Replacement Stopper
1.0,"Broan QS336SS QS3 Series Range Hood, 36-Inch, Stainless Steel"
1.0,Bosch Nexxt 500 Plus Series : WFMC5301UC 27 Front Load Washer
1.0,Broan S97007696 Filter
1.0,Air King QZ2368 Quiet Zone 36-Inch Stainless Steel Under Cabinet Range Hood
